"No.","Time","Source","Destination","Protocol","Length","Info"
"1","0.000000","192.168.1.102","128.119.245.12","TCP","62","1161 > 80 [SYN] Seq=0 Win=16384 Len=0 MSS=1460 SACK_PERM=1"
"2","0.023172","128.119.245.12","192.168.1.102","TCP","62","80 > 1161 [SYN, ACK] Seq=0 Ack=1 Win=5840 Len=0 MSS=1460 SACK_PERM=1"
"3","0.023265","192.168.1.102","128.119.245.12","TCP","54","1161 > 80 [ACK] Seq=1 Ack=1 Win=17520 Len=0"
"4","0.026477","192.168.1.102","128.119.245.12","TCP","619","1161 > 80 [PSH, ACK] Seq=1 Ack=1 Win=17520 Len=565"
"5","0.041737","192.168.1.102","128.119.245.12","TCP","1514","1161 > 80 [PSH, ACK] Seq=566 Ack=1 Win=17520 Len=1460"
"6","0.053937","128.119.245.12","192.168.1.102","TCP","60","80 > 1161 [ACK] Seq=1 Ack=566 Win=6780 Len=0"
"7","0.054026","192.168.1.102","128.119.245.12","TCP","1514","1161 > 80 [ACK] Seq=2026 Ack=1 Win=17520 Len=1460"
"8","0.054690","192.168.1.102","128.119.245.12","TCP","1514","1161 > 80 [ACK] Seq=3486 Ack=1 Win=17520 Len=1460"
"9","0.077294","128.119.245.12","192.168.1.102","TCP","60","80 > 1161 [ACK] Seq=1 Ack=2026 Win=8760 Len=0"
"10","0.077405","192.168.1.102","128.119.245.12","TCP","1514","1161 > 80 [ACK] Seq=4946 Ack=1 Win=17520 Len=1460"
"11","0.078157","192.168.1.102","128.119.245.12","TCP","1514","1161 > 80 [ACK] Seq=6406 Ack=1 Win=17520 Len=1460"
"12","0.124085","128.119.245.12","192.168.1.102","TCP","60","80 > 1161 [ACK] Seq=1 Ack=3486 Win=11680 Len=0"
"13","0.124185","192.168.1.102","128.119.245.12","TCP","1201","1161 > 80 [PSH, ACK] Seq=7866 Ack=1 Win=17520 Len=1147"
"14","0.169118","128.119.245.12","192.168.1.102","TCP","60","80 > 1161 [ACK] Seq=1 Ack=4946 Win=14600 Len=0"
"15","0.217299","128.119.245.12","192.168.1.102","TCP","60","80 > 1161 [ACK] Seq=1 Ack=6406 Win=17520 Len=0"
"16","0.267802","128.119.245.12","192.168.1.102","TCP","60","80 > 1161 [ACK] Seq=1 Ack=7866 Win=20440 Len=0"
"17","0.304807","128.119.245.12","192.168.1.102","TCP","60","80 > 1161 [ACK] Seq=1 Ack=9013 Win=23360 Len=0"
"18","0.305040","192.168.1.102","128.119.245.12","TCP","1514","1161 > 80 [ACK] Seq=9013 Ack=1 Win=17520 Len=1460"
"19","0.305813","192.168.1.102","128.119.245.12","TCP","1514","1161 > 80 [ACK] Seq=10473 Ack=1 Win=17520 Len=1460"
"20","0.306692","192.168.1.102","128.119.245.12","TCP","1514","1161 > 80 [ACK] Seq=11933 Ack=1 Win=17520 Len=1460"
"21","0.307571","192.168.1.102","128.119.245.12","TCP","1514","1161 > 80 [ACK] Seq=13393 Ack=1 Win=17520 Len=1460"
"22","0.308699","192.168.1.102","128.119.245.12","TCP","1514","1161 > 80 [ACK] Seq=14853 Ack=1 Win=17520 Len=1460"
"23","0.309553","192.168.1.102","128.119.245.12","TCP","946","1161 > 80 [PSH, ACK] Seq=16313 Ack=1 Win=17520 Len=892"
"24","0.356437","128.119.245.12","192.168.1.102","TCP","60","80 > 1161 [ACK] Seq=1 Ack=10473 Win=26280 Len=0"
"25","0.400164","128.119.245.12","192.168.1.102","TCP","60","80 > 1161 [ACK] Seq=1 Ack=11933 Win=29200 Len=0"
"26","0.448613","128.119.245.12","192.168.1.102","TCP","60","80 > 1161 [ACK] Seq=1 Ack=13393 Win=32120 Len=0"
"27","0.500029","128.119.245.12","192.168.1.102","TCP","60","80 > 1161 [ACK] Seq=1 Ack=14853 Win=35040 Len=0"
"28","0.545052","128.119.245.12","192.168.1.102","TCP","60","80 > 1161 [ACK] Seq=1 Ack=16313 Win=37960 Len=0"
"29","0.576417","128.119.245.12","192.168.1.102","TCP","60","80 > 1161 [ACK] Seq=1 Ack=17205 Win=37960 Len=0"
"30","0.576671","192.168.1.102","128.119.245.12","TCP","1514","1161 > 80 [ACK] Seq=17205 Ack=1 Win=17520 Len=1460"
"31","0.577385","192.168.1.102","128.119.245.12","TCP","1514","1161 > 80 [ACK] Seq=18665 Ack=1 Win=17520 Len=1460"
"32","0.578329","192.168.1.102","128.119.245.12","TCP","1514","1161 > 80 [ACK] Seq=20125 Ack=1 Win=17520 Len=1460"
"33","0.579195","192.168.1.102","128.119.245.12","TCP","1514","1161 > 80 [ACK] Seq=21585 Ack=1 Win=17520 Len=1460"
"34","0.580149","192.168.1.102","128.119.245.12","TCP","1514","1161 > 80 [ACK] Seq=23045 Ack=1 Win=17520 Len=1460"
"35","0.581074","192.168.1.102","128.119.245.12","TCP","946","1161 > 80 [PSH, ACK] Seq=24505 Ack=1 Win=17520 Len=892"
"36","0.626496","128.119.245.12","192.168.1.102","TCP","60","80 > 1161 [ACK] Seq=1 Ack=18665 Win=40880 Len=0"
"37","0.672796","128.119.245.12","192.168.1.102","TCP","60","80 > 1161 [ACK] Seq=1 Ack=20125 Win=43800 Len=0"
"38","0.730684","128.119.245.12","192.168.1.102","TCP","60","80 > 1161 [ACK] Seq=1 Ack=21585 Win=46720 Len=0"
"39","0.772990","128.119.245.12","192.168.1.102","TCP","60","80 > 1161 [ACK] Seq=1 Ack=23045 Win=49640 Len=0"
"40","0.820622","128.119.245.12","192.168.1.102","TCP","60","80 > 1161 [ACK] Seq=1 Ack=24505 Win=52560 Len=0"
"41","0.853186","128.119.245.12","192.168.1.102","TCP","60","80 > 1161 [ACK] Seq=1 Ack=25397 Win=52560 Len=0"
"42","0.853405","192.168.1.102","128.119.245.12","TCP","1514","1161 > 80 [ACK] Seq=25397 Ack=1 Win=17520 Len=1460"
"43","0.854076","192.168.1.102","128.119.245.12","TCP","1514","1161 > 80 [ACK] Seq=26857 Ack=1 Win=17520 Len=1460"
"44","0.855036","192.168.1.102","128.119.245.12","TCP","1514","1161 > 80 [ACK] Seq=28317 Ack=1 Win=17520 Len=1460"
"45","0.855878","192.168.1.102","128.119.245.12","TCP","1514","1161 > 80 [ACK] Seq=29777 Ack=1 Win=17520 Len=1460"
"46","0.856802","192.168.1.102","128.119.245.12","TCP","1514","1161 > 80 [ACK] Seq=31237 Ack=1 Win=17520 Len=1460"
"47","0.857683","192.168.1.102","128.119.245.12","TCP","946","1161 > 80 [PSH, ACK] Seq=32697 Ack=1 Win=17520 Len=892"
"48","0.899423","128.119.245.12","192.168.1.102","TCP","60","80 > 1161 [ACK] Seq=1 Ack=26857 Win=55480 Len=0"
"49","0.949545","128.119.245.12","192.168.1.102","TCP","60","80 > 1161 [ACK] Seq=1 Ack=28317 Win=58400 Len=0"
"50","0.994715","128.119.245.12","192.168.1.102","TCP","60","80 > 1161 [ACK] Seq=1 Ack=29777 Win=61320 Len=0"
"51","1.039820","128.119.245.12","192.168.1.102","TCP","60","80 > 1161 [ACK] Seq=1 Ack=31237 Win=62780 Len=0"
"52","1.117097","128.119.245.12","192.168.1.102","TCP","60","80 > 1161 [ACK] Seq=1 Ack=33589 Win=62780 Len=0"
"53","1.117333","192.168.1.102","128.119.245.12","TCP","1514","1161 > 80 [ACK] Seq=33589 Ack=1 Win=17520 Len=1460"
"54","1.118133","192.168.1.102","128.119.245.12","TCP","1514","1161 > 80 [ACK] Seq=35049 Ack=1 Win=17520 Len=1460"
"55","1.119029","192.168.1.102","128.119.245.12","TCP","1514","1161 > 80 [ACK] Seq=36509 Ack=1 Win=17520 Len=1460"
"56","1.119858","192.168.1.102","128.119.245.12","TCP","1514","1161 > 80 [ACK] Seq=37969 Ack=1 Win=17520 Len=1460"
"57","1.120902","192.168.1.102","128.119.245.12","TCP","1514","1161 > 80 [ACK] Seq=39429 Ack=1 Win=17520 Len=1460"
"58","1.121891","192.168.1.102","128.119.245.12","TCP","946","1161 > 80 [PSH, ACK] Seq=40889 Ack=1 Win=17520 Len=892"
"59","1.200421","128.119.245.12","192.168.1.102","TCP","60","80 > 1161 [ACK] Seq=1 Ack=35049 Win=62780 Len=0"
"60","1.265026","128.119.245.12","192.168.1.102","TCP","60","80 > 1161 [ACK] Seq=1 Ack=37969 Win=62780 Len=0"
"61","1.362074","128.119.245.12","192.168.1.102","TCP","60","80 > 1161 [ACK] Seq=1 Ack=40889 Win=62780 Len=0"
"62","1.389886","128.119.245.12","192.168.1.102","TCP","60","80 > 1161 [ACK] Seq=1 Ack=41781 Win=62780 Len=0"
"63","1.390110","192.168.1.102","128.119.245.12","TCP","1514","1161 > 80 [ACK] Seq=41781 Ack=1 Win=17520 Len=1460"
"64","1.390824","192.168.1.102","128.119.245.12","TCP","1514","1161 > 80 [ACK] Seq=43241 Ack=1 Win=17520 Len=1460"
"65","1.391683","192.168.1.102","128.119.245.12","TCP","1514","1161 > 80 [ACK] Seq=44701 Ack=1 Win=17520 Len=1460"
"66","1.392594","192.168.1.102","128.119.245.12","TCP","1514","1161 > 80 [ACK] Seq=46161 Ack=1 Win=17520 Len=1460"
"67","1.393390","192.168.1.102","128.119.245.12","TCP","1514","1161 > 80 [ACK] Seq=47621 Ack=1 Win=17520 Len=1460"
"68","1.394202","192.168.1.102","128.119.245.12","TCP","946","1161 > 80 [PSH, ACK] Seq=49081 Ack=1 Win=17520 Len=892"
"69","1.488313","128.119.245.12","192.168.1.102","TCP","60","80 > 1161 [ACK] Seq=1 Ack=44701 Win=62780 Len=0"
"70","1.584980","128.119.245.12","192.168.1.102","TCP","60","80 > 1161 [ACK] Seq=1 Ack=47621 Win=62780 Len=0"
"71","1.661513","128.119.245.12","192.168.1.102","TCP","60","80 > 1161 [ACK] Seq=1 Ack=49973 Win=62780 Len=0"
"72","1.661734","192.168.1.102","128.119.245.12","TCP","1514","1161 > 80 [ACK] Seq=49973 Ack=1 Win=17520 Len=1460"
"73","1.662474","192.168.1.102","128.119.245.12","TCP","1514","1161 > 80 [ACK] Seq=51433 Ack=1 Win=17520 Len=1460"
"74","1.663315","192.168.1.102","128.119.245.12","TCP","1514","1161 > 80 [ACK] Seq=52893 Ack=1 Win=17520 Len=1460"
"75","1.664198","192.168.1.102","128.119.245.12","TCP","1514","1161 > 80 [ACK] Seq=54353 Ack=1 Win=17520 Len=1460"
"76","1.665254","192.168.1.102","128.119.245.12","TCP","1514","1161 > 80 [ACK] Seq=55813 Ack=1 Win=17520 Len=1460"
"77","1.666151","192.168.1.102","128.119.245.12","TCP","946","1161 > 80 [PSH, ACK] Seq=57273 Ack=1 Win=17520 Len=892"
"78","1.758227","128.119.245.12","192.168.1.102","TCP","60","80 > 1161 [ACK] Seq=1 Ack=52893 Win=62780 Len=0"
"79","1.860063","128.119.245.12","192.168.1.102","TCP","60","80 > 1161 [ACK] Seq=1 Ack=55813 Win=62780 Len=0"
"80","1.930880","128.119.245.12","192.168.1.102","TCP","60","80 > 1161 [ACK] Seq=1 Ack=58165 Win=62780 Len=0"
"81","1.931099","192.168.1.102","128.119.245.12","TCP","1514","1161 > 80 [ACK] Seq=58165 Ack=1 Win=17520 Len=1460"
"82","1.931879","192.168.1.102","128.119.245.12","TCP","1514","1161 > 80 [ACK] Seq=59625 Ack=1 Win=17520 Len=1460"
"83","1.932757","192.168.1.102","128.119.245.12","TCP","1514","1161 > 80 [ACK] Seq=61085 Ack=1 Win=17520 Len=1460"
"84","1.933636","192.168.1.102","128.119.245.12","TCP","1514","1161 > 80 [ACK] Seq=62545 Ack=1 Win=17520 Len=1460"
"85","1.934770","192.168.1.102","128.119.245.12","TCP","1514","1161 > 80 [ACK] Seq=64005 Ack=1 Win=17520 Len=1460"
"86","1.935586","192.168.1.102","128.119.245.12","TCP","946","1161 > 80 [PSH, ACK] Seq=65465 Ack=1 Win=17520 Len=892"
"87","2.029069","128.119.245.12","192.168.1.102","TCP","60","80 > 1161 [ACK] Seq=1 Ack=61085 Win=62780 Len=0"
"88","2.126682","128.119.245.12","192.168.1.102","TCP","60","80 > 1161 [ACK] Seq=1 Ack=64005 Win=62780 Len=0"
"89","2.203195","128.119.245.12","192.168.1.102","TCP","60","80 > 1161 [ACK] Seq=1 Ack=66357 Win=62780 Len=0"
"90","2.203411","192.168.1.102","128.119.245.12","TCP","1514","1161 > 80 [ACK] Seq=66357 Ack=1 Win=17520 Len=1460"
"91","2.204125","192.168.1.102","128.119.245.12","TCP","1514","1161 > 80 [ACK] Seq=67817 Ack=1 Win=17520 Len=1460"
"92","2.204962","192.168.1.102","128.119.245.12","TCP","1514","1161 > 80 [ACK] Seq=69277 Ack=1 Win=17520 Len=1460"
"93","2.205836","192.168.1.102","128.119.245.12","TCP","1514","1161 > 80 [ACK] Seq=70737 Ack=1 Win=17520 Len=1460"
"94","2.206824","192.168.1.102","128.119.245.12","TCP","1514","1161 > 80 [ACK] Seq=72197 Ack=1 Win=17520 Len=1460"
"95","2.207746","192.168.1.102","128.119.245.12","TCP","946","1161 > 80 [PSH, ACK] Seq=73657 Ack=1 Win=17520 Len=892"
"96","2.311413","128.119.245.12","192.168.1.102","TCP","60","80 > 1161 [ACK] Seq=1 Ack=69277 Win=62780 Len=0"
"97","2.404228","128.119.245.12","192.168.1.102","TCP","60","80 > 1161 [ACK] Seq=1 Ack=72197 Win=62780 Len=0"
"98","2.476576","128.119.245.12","192.168.1.102","TCP","60","80 > 1161 [ACK] Seq=1 Ack=74549 Win=62780 Len=0"
"99","2.476801","192.168.1.102","128.119.245.12","TCP","1514","1161 > 80 [ACK] Seq=74549 Ack=1 Win=17520 Len=1460"
"100","2.477515","192.168.1.102","128.119.245.12","TCP","1514","1161 > 80 [ACK] Seq=76009 Ack=1 Win=17520 Len=1460"
"101","2.478415","192.168.1.102","128.119.245.12","TCP","1514","1161 > 80 [ACK] Seq=77469 Ack=1 Win=17520 Len=1460"
"102","2.479341","192.168.1.102","128.119.245.12","TCP","1514","1161 > 80 [ACK] Seq=78929 Ack=1 Win=17520 Len=1460"
"103","2.480356","192.168.1.102","128.119.245.12","TCP","1514","1161 > 80 [ACK] Seq=80389 Ack=1 Win=17520 Len=1460"
"104","2.481218","192.168.1.102","128.119.245.12","TCP","946","1161 > 80 [PSH, ACK] Seq=81849 Ack=1 Win=17520 Len=892"
"105","2.576633","128.119.245.12","192.168.1.102","TCP","60","80 > 1161 [ACK] Seq=1 Ack=77469 Win=62780 Len=0"
"106","2.672045","128.119.245.12","192.168.1.102","TCP","60","80 > 1161 [ACK] Seq=1 Ack=80389 Win=62780 Len=0"
"107","2.747257","128.119.245.12","192.168.1.102","TCP","60","80 > 1161 [ACK] Seq=1 Ack=82741 Win=62780 Len=0"
"108","2.747468","192.168.1.102","128.119.245.12","TCP","1514","1161 > 80 [ACK] Seq=82741 Ack=1 Win=17520 Len=1460"
"109","2.748321","192.168.1.102","128.119.245.12","TCP","1514","1161 > 80 [ACK] Seq=84201 Ack=1 Win=17520 Len=1460"
"110","2.749246","192.168.1.102","128.119.245.12","TCP","1514","1161 > 80 [ACK] Seq=85661 Ack=1 Win=17520 Len=1460"
"111","2.750126","192.168.1.102","128.119.245.12","TCP","1514","1161 > 80 [ACK] Seq=87121 Ack=1 Win=17520 Len=1460"
"112","2.751237","192.168.1.102","128.119.245.12","TCP","1514","1161 > 80 [ACK] Seq=88581 Ack=1 Win=17520 Len=1460"
"113","2.752049","192.168.1.102","128.119.245.12","TCP","946","1161 > 80 [PSH, ACK] Seq=90041 Ack=1 Win=17520 Len=892"
"114","2.847009","128.119.245.12","192.168.1.102","TCP","60","80 > 1161 [ACK] Seq=1 Ack=85661 Win=62780 Len=0"
"115","2.944420","128.119.245.12","192.168.1.102","TCP","60","80 > 1161 [ACK] Seq=1 Ack=88581 Win=62780 Len=0"
"116","3.020822","128.119.245.12","192.168.1.102","TCP","60","80 > 1161 [ACK] Seq=1 Ack=90933 Win=62780 Len=0"
"117","3.021036","192.168.1.102","128.119.245.12","TCP","1514","1161 > 80 [ACK] Seq=90933 Ack=1 Win=17520 Len=1460"
"118","3.021748","192.168.1.102","128.119.245.12","TCP","1514","1161 > 80 [ACK] Seq=92393 Ack=1 Win=17520 Len=1460"
"119","3.022626","192.168.1.102","128.119.245.12","TCP","1514","1161 > 80 [ACK] Seq=93853 Ack=1 Win=17520 Len=1460"
"120","3.023492","192.168.1.102","128.119.245.12","TCP","1514","1161 > 80 [ACK] Seq=95313 Ack=1 Win=17520 Len=1460"
"121","3.024734","192.168.1.102","128.119.245.12","TCP","1514","1161 > 80 [ACK] Seq=96773 Ack=1 Win=17520 Len=1460"
"122","3.025618","192.168.1.102","128.119.245.12","TCP","946","1161 > 80 [PSH, ACK] Seq=98233 Ack=1 Win=17520 Len=892"
"123","3.117302","128.119.245.12","192.168.1.102","TCP","60","80 > 1161 [ACK] Seq=1 Ack=93853 Win=62780 Len=0"
"124","3.216127","128.119.245.12","192.168.1.102","TCP","60","80 > 1161 [ACK] Seq=1 Ack=96773 Win=62780 Len=0"
"125","3.291672","128.119.245.12","192.168.1.102","TCP","60","80 > 1161 [ACK] Seq=1 Ack=99125 Win=62780 Len=0"
"126","3.291881","192.168.1.102","128.119.245.12","TCP","1514","1161 > 80 [ACK] Seq=99125 Ack=1 Win=17520 Len=1460"
"127","3.292657","192.168.1.102","128.119.245.12","TCP","1514","1161 > 80 [ACK] Seq=100585 Ack=1 Win=17520 Len=1460"
"128","3.293613","192.168.1.102","128.119.245.12","TCP","1514","1161 > 80 [ACK] Seq=102045 Ack=1 Win=17520 Len=1460"
"129","3.294487","192.168.1.102","128.119.245.12","TCP","1514","1161 > 80 [ACK] Seq=103505 Ack=1 Win=17520 Len=1460"
"130","3.295806","192.168.1.102","128.119.245.12","TCP","1514","1161 > 80 [ACK] Seq=104965 Ack=1 Win=17520 Len=1460"
"131","3.296698","192.168.1.102","128.119.245.12","TCP","946","1161 > 80 [PSH, ACK] Seq=106425 Ack=1 Win=17520 Len=892"
"132","3.388926","128.119.245.12","192.168.1.102","TCP","60","80 > 1161 [ACK] Seq=1 Ack=102045 Win=62780 Len=0"
"133","3.485275","128.119.245.12","192.168.1.102","TCP","60","80 > 1161 [ACK] Seq=1 Ack=104965 Win=62780 Len=0"
"134","3.562531","128.119.245.12","192.168.1.102","TCP","60","80 > 1161 [ACK] Seq=1 Ack=107317 Win=62780 Len=0"
"135","3.562737","192.168.1.102","128.119.245.12","TCP","1514","1161 > 80 [ACK] Seq=107317 Ack=1 Win=17520 Len=1460"
"136","3.563561","192.168.1.102","128.119.245.12","TCP","1514","1161 > 80 [ACK] Seq=108777 Ack=1 Win=17520 Len=1460"
"137","3.564458","192.168.1.102","128.119.245.12","TCP","1514","1161 > 80 [ACK] Seq=110237 Ack=1 Win=17520 Len=1460"
"138","3.565426","192.168.1.102","128.119.245.12","TCP","1514","1161 > 80 [ACK] Seq=111697 Ack=1 Win=17520 Len=1460"
"139","3.566442","192.168.1.102","128.119.245.12","TCP","1514","1161 > 80 [ACK] Seq=113157 Ack=1 Win=17520 Len=1460"
"140","3.567324","192.168.1.102","128.119.245.12","TCP","946","1161 > 80 [PSH, ACK] Seq=114617 Ack=1 Win=17520 Len=892"
"141","3.660330","128.119.245.12","192.168.1.102","TCP","60","80 > 1161 [ACK] Seq=1 Ack=110237 Win=62780 Len=0"
"142","3.768417","128.119.245.12","192.168.1.102","TCP","60","80 > 1161 [ACK] Seq=1 Ack=113157 Win=62780 Len=0"
"143","3.840483","128.119.245.12","192.168.1.102","TCP","60","80 > 1161 [ACK] Seq=1 Ack=115509 Win=62780 Len=0"
"144","3.840697","192.168.1.102","128.119.245.12","TCP","1514","1161 > 80 [ACK] Seq=115509 Ack=1 Win=17520 Len=1460"
"145","3.841410","192.168.1.102","128.119.245.12","TCP","1514","1161 > 80 [ACK] Seq=116969 Ack=1 Win=17520 Len=1460"
"146","3.842307","192.168.1.102","128.119.245.12","TCP","1514","1161 > 80 [ACK] Seq=118429 Ack=1 Win=17520 Len=1460"
"147","3.843230","192.168.1.102","128.119.245.12","TCP","1514","1161 > 80 [ACK] Seq=119889 Ack=1 Win=17520 Len=1460"
"148","3.844008","192.168.1.102","128.119.245.12","TCP","1514","1161 > 80 [ACK] Seq=121349 Ack=1 Win=17520 Len=1460"
"149","3.844820","192.168.1.102","128.119.245.12","TCP","946","1161 > 80 [PSH, ACK] Seq=122809 Ack=1 Win=17520 Len=892"
"150","3.936967","128.119.245.12","192.168.1.102","TCP","60","80 > 1161 [ACK] Seq=1 Ack=118429 Win=62780 Len=0"
"151","4.031145","128.119.245.12","192.168.1.102","TCP","60","80 > 1161 [ACK] Seq=1 Ack=121349 Win=62780 Len=0"
"152","4.107455","128.119.245.12","192.168.1.102","TCP","60","80 > 1161 [ACK] Seq=1 Ack=123701 Win=62780 Len=0"
"153","4.107686","192.168.1.102","128.119.245.12","TCP","1514","1161 > 80 [ACK] Seq=123701 Ack=1 Win=17520 Len=1460"
"154","4.108476","192.168.1.102","128.119.245.12","TCP","1514","1161 > 80 [ACK] Seq=125161 Ack=1 Win=17520 Len=1460"
"155","4.109329","192.168.1.102","128.119.245.12","TCP","1514","1161 > 80 [ACK] Seq=126621 Ack=1 Win=17520 Len=1460"
"156","4.110217","192.168.1.102","128.119.245.12","TCP","1514","1161 > 80 [ACK] Seq=128081 Ack=1 Win=17520 Len=1460"
"157","4.111334","192.168.1.102","128.119.245.12","TCP","1514","1161 > 80 [ACK] Seq=129541 Ack=1 Win=17520 Len=1460"
"158","4.112209","192.168.1.102","128.119.245.12","TCP","946","1161 > 80 [PSH, ACK] Seq=131001 Ack=1 Win=17520 Len=892"
"159","4.205521","128.119.245.12","192.168.1.102","TCP","60","80 > 1161 [ACK] Seq=1 Ack=126621 Win=62780 Len=0"
"160","4.300300","128.119.245.12","192.168.1.102","TCP","60","80 > 1161 [ACK] Seq=1 Ack=129541 Win=62780 Len=0"
"161","4.379826","128.119.245.12","192.168.1.102","TCP","60","80 > 1161 [ACK] Seq=1 Ack=131893 Win=62780 Len=0"
"162","4.380034","192.168.1.102","128.119.245.12","TCP","1514","1161 > 80 [ACK] Seq=131893 Ack=1 Win=17520 Len=1460"
"163","4.380741","192.168.1.102","128.119.245.12","TCP","1514","1161 > 80 [ACK] Seq=133353 Ack=1 Win=17520 Len=1460"
"164","4.381618","192.168.1.102","128.119.245.12","TCP","1514","1161 > 80 [ACK] Seq=134813 Ack=1 Win=17520 Len=1460"
"165","4.382478","192.168.1.102","128.119.245.12","TCP","1514","1161 > 80 [ACK] Seq=136273 Ack=1 Win=17520 Len=1460"
"166","4.383659","192.168.1.102","128.119.245.12","TCP","1514","1161 > 80 [ACK] Seq=137733 Ack=1 Win=17520 Len=1460"
"167","4.384548","192.168.1.102","128.119.245.12","TCP","946","1161 > 80 [PSH, ACK] Seq=139193 Ack=1 Win=17520 Len=892"
"168","4.476833","128.119.245.12","192.168.1.102","TCP","60","80 > 1161 [ACK] Seq=1 Ack=134813 Win=62780 Len=0"
"169","4.575928","128.119.245.12","192.168.1.102","TCP","60","80 > 1161 [ACK] Seq=1 Ack=137733 Win=62780 Len=0"
"170","4.648167","128.119.245.12","192.168.1.102","TCP","60","80 > 1161 [ACK] Seq=1 Ack=140085 Win=62780 Len=0"
"171","4.648386","192.168.1.102","128.119.245.12","TCP","1514","1161 > 80 [ACK] Seq=140085 Ack=1 Win=17520 Len=1460"
"172","4.649100","192.168.1.102","128.119.245.12","TCP","1514","1161 > 80 [ACK] Seq=141545 Ack=1 Win=17520 Len=1460"
"173","4.649993","192.168.1.102","128.119.245.12","TCP","1514","1161 > 80 [ACK] Seq=143005 Ack=1 Win=17520 Len=1460"
"174","4.650926","192.168.1.102","128.119.245.12","TCP","1514","1161 > 80 [ACK] Seq=144465 Ack=1 Win=17520 Len=1460"
"175","4.651858","192.168.1.102","128.119.245.12","TCP","1514","1161 > 80 [ACK] Seq=145925 Ack=1 Win=17520 Len=1460"
"176","4.652735","192.168.1.102","128.119.245.12","TCP","946","1161 > 80 [PSH, ACK] Seq=147385 Ack=1 Win=17520 Len=892"
"177","4.747988","128.119.245.12","192.168.1.102","TCP","60","80 > 1161 [ACK] Seq=1 Ack=143005 Win=62780 Len=0"
"178","4.844598","128.119.245.12","192.168.1.102","TCP","60","80 > 1161 [ACK] Seq=1 Ack=145925 Win=62780 Len=0"
"179","4.920051","128.119.245.12","192.168.1.102","TCP","60","80 > 1161 [ACK] Seq=1 Ack=148277 Win=62780 Len=0"
"180","4.920310","192.168.1.102","128.119.245.12","TCP","1514","1161 > 80 [ACK] Seq=148277 Ack=1 Win=17520 Len=1460"
"181","4.921025","192.168.1.102","128.119.245.12","TCP","1514","1161 > 80 [ACK] Seq=149737 Ack=1 Win=17520 Len=1460"
"182","4.921916","192.168.1.102","128.119.245.12","TCP","1514","1161 > 80 [ACK] Seq=151197 Ack=1 Win=17520 Len=1460"
"183","4.922820","192.168.1.102","128.119.245.12","TCP","1514","1161 > 80 [ACK] Seq=152657 Ack=1 Win=17520 Len=1460"
"184","4.923863","192.168.1.102","128.119.245.12","TCP","1514","1161 > 80 [ACK] Seq=154117 Ack=1 Win=17520 Len=1460"
"185","4.924667","192.168.1.102","128.119.245.12","TCP","946","1161 > 80 [PSH, ACK] Seq=155577 Ack=1 Win=17520 Len=892"
"186","5.019189","128.119.245.12","192.168.1.102","TCP","60","80 > 1161 [ACK] Seq=1 Ack=151197 Win=62780 Len=0"
"187","5.104175","Intel_52:2b:23","Broadcast","ARP","42","Who has 192.168.1.1?  Tell 192.168.1.100"
"188","5.105060","LinksysG_da:af:73","Intel_52:2b:23","ARP","42","192.168.1.1 is at 00:06:25:da:af:73"
"189","5.106121","192.168.1.100","192.168.1.1","UDP","175","Source port: 44265  Destination port: 1900"
"190","5.125019","128.119.245.12","192.168.1.102","TCP","60","80 > 1161 [ACK] Seq=1 Ack=154117 Win=62780 Len=0"
"191","5.197286","128.119.245.12","192.168.1.102","TCP","60","80 > 1161 [ACK] Seq=1 Ack=156469 Win=62780 Len=0"
"192","5.197508","192.168.1.102","128.119.245.12","TCP","1514","1161 > 80 [ACK] Seq=156469 Ack=1 Win=17520 Len=1460"
"193","5.198388","192.168.1.102","128.119.245.12","TCP","1514","1161 > 80 [ACK] Seq=157929 Ack=1 Win=17520 Len=1460"
"194","5.199275","192.168.1.102","128.119.245.12","TCP","1514","1161 > 80 [ACK] Seq=159389 Ack=1 Win=17520 Len=1460"
"195","5.200252","192.168.1.102","128.119.245.12","TCP","1514","1161 > 80 [ACK] Seq=160849 Ack=1 Win=17520 Len=1460"
"196","5.201150","192.168.1.102","128.119.245.12","TCP","1514","1161 > 80 [ACK] Seq=162309 Ack=1 Win=17520 Len=1460"
"197","5.202024","192.168.1.102","128.119.245.12","TCP","326","1161 > 80 [PSH, ACK] Seq=163769 Ack=1 Win=17520 Len=272"
"198","5.297257","128.119.245.12","192.168.1.102","TCP","60","80 > 1161 [ACK] Seq=1 Ack=159389 Win=62780 Len=0"
"199","5.297341","192.168.1.102","128.119.245.12","TCP","104","1161 > 80 [PSH, ACK] Seq=164041 Ack=1 Win=17520 Len=50"
"200","5.389471","128.119.245.12","192.168.1.102","TCP","60","80 > 1161 [ACK] Seq=1 Ack=162309 Win=62780 Len=0"
"201","5.447887","128.119.245.12","192.168.1.102","TCP","60","80 > 1161 [ACK] Seq=1 Ack=164041 Win=62780 Len=0"
"202","5.455830","128.119.245.12","192.168.1.102","TCP","60","80 > 1161 [ACK] Seq=1 Ack=164091 Win=62780 Len=0"
"203","5.461175","128.119.245.12","192.168.1.102","TCP","784","80 > 1161 [PSH, ACK] Seq=1 Ack=164091 Win=62780 Len=730"
"204","5.598090","192.168.1.100","192.168.1.1","UDP","174","Source port: 44265  Destination port: 1900"
"205","5.599082","192.168.1.100","192.168.1.1","UDP","175","Source port: 44265  Destination port: 1900"
"206","5.651141","192.168.1.102","128.119.245.12","TCP","54","1161 > 80 [ACK] Seq=164091 Ack=731 Win=16790 Len=0"
"207","6.101044","192.168.1.100","192.168.1.1","UDP","174","Source port: 44265  Destination port: 1900"
"208","6.102069","192.168.1.100","192.168.1.1","UDP","175","Source port: 44265  Destination port: 1900"
"209","6.600152","192.168.1.100","192.168.1.1","UDP","174","Source port: 44265  Destination port: 1900"
"210","6.601063","192.168.1.100","192.168.1.1","UDP","175","Source port: 44265  Destination port: 1900"
"211","7.102852","192.168.1.100","192.168.1.1","UDP","174","Source port: 44265  Destination port: 1900"
"212","7.103780","192.168.1.100","192.168.1.1","UDP","175","Source port: 44265  Destination port: 1900"
"213","7.595557","192.168.1.102","199.2.53.206","TCP","62","1162 > 631 [SYN] Seq=0 Win=16384 Len=0 MSS=1460 SACK_PERM=1"
